{
  "experiment1": {
    "abstention_by_regime": {
      "rate": {
        "cautious": 0.8,
        "confident": 0.0,
        "neutral": 0.0
      },
      "std": {
        "cautious": 0.40683810217248617,
        "confident": 0.0,
        "neutral": 0.0
      },
      "count": {
        "cautious": 30,
        "confident": 30,
        "neutral": 30
      }
    },
    "entropy_by_regime": {
      "mean": {
        "cautious": 2.78275412429155,
        "confident": 2.78275412429155,
        "neutral": 2.78275412429155
      },
      "std": {
        "cautious": 0.2832362007221652,
        "confident": 0.2832362007221652,
        "neutral": 0.2832362007221652
      }
    },
    "behavior_gap": 0.8,
    "belief_gap": 0.0,
    "behavior_belief_ratio": 800000.0000000001,
    "n_rows": 90,
    "n_questions": 30
  },
  "experiment2": {
    "layer_stats": {
      "('delta_margin', 'mean')": {
        "0": 0.0,
        "1": 0.0,
        "2": 0.2,
        "3": 0.0,
        "4": 0.2,
        "5": 0.2,
        "6": 0.0,
        "7": 0.0,
        "8": 0.2,
        "9": -0.2,
        "10": 0.4,
        "11": -0.2,
        "12": -0.2,
        "13": -0.2,
        "14": 0.2,
        "15": 0.2,
        "16": 0.4,
        "17": 0.4,
        "18": 0.8,
        "19": 0.2,
        "20": 0.2,
        "21": 0.0,
        "22": 0.0,
        "23": 0.0,
        "24": 0.0,
        "25": 0.0,
        "26": 0.0,
        "27": 0.0
      },
      "('delta_margin', 'std')": {
        "0": 0.0,
        "1": 0.0,
        "2": 0.632,
        "3": 0.0,
        "4": 0.632,
        "5": 0.632,
        "6": 0.0,
        "7": 0.943,
        "8": 1.135,
        "9": 0.632,
        "10": 1.265,
        "11": 0.632,
        "12": 0.632,
        "13": 0.632,
        "14": 1.135,
        "15": 1.135,
        "16": 0.843,
        "17": 0.843,
        "18": 1.033,
        "19": 0.632,
        "20": 0.632,
        "21": 0.0,
        "22": 0.0,
        "23": 0.0,
        "24": 0.0,
        "25": 0.0,
        "26": 0.0,
        "27": 0.0
      },
      "('delta_margin', 'count')": {
        "0": 10,
        "1": 10,
        "2": 10,
        "3": 10,
        "4": 10,
        "5": 10,
        "6": 10,
        "7": 10,
        "8": 10,
        "9": 10,
        "10": 10,
        "11": 10,
        "12": 10,
        "13": 10,
        "14": 10,
        "15": 10,
        "16": 10,
        "17": 10,
        "18": 10,
        "19": 10,
        "20": 10,
        "21": 10,
        "22": 10,
        "23": 10,
        "24": 10,
        "25": 10,
        "26": 10,
        "27": 10
      },
      "('flipped', 'mean')": {
        "0": 0.0,
        "1": 0.0,
        "2": 0.1,
        "3": 0.0,
        "4": 0.1,
        "5": 0.1,
        "6": 0.0,
        "7": 0.1,
        "8": 0.2,
        "9": 0.0,
        "10": 0.3,
        "11": 0.0,
        "12": 0.0,
        "13": 0.0,
        "14": 0.2,
        "15": 0.2,
        "16": 0.2,
        "17": 0.2,
        "18": 0.4,
        "19": 0.1,
        "20": 0.1,
        "21": 0.0,
        "22": 0.0,
        "23": 0.0,
        "24": 0.0,
        "25": 0.0,
        "26": 0.0,
        "27": 0.0
      }
    },
    "critical_layers": [
      10,
      16,
      17,
      18
    ],
    "max_effect_layer": 18,
    "max_effect_value": 0.8,
    "max_flip_layer": 18,
    "max_flip_rate": 0.4,
    "late_layer_proportion": 0.75
  },
  "experiment3": {
    "change_rates": {
      "0.5": {
        "10": 0.4,
        "16": 0.2,
        "17": 0.26666666666666666,
        "18": 0.2
      },
      "1.0": {
        "10": 0.4,
        "16": 0.3333333333333333,
        "17": 0.4,
        "18": 0.3333333333333333
      },
      "2.0": {
        "10": 0.4666666666666667,
        "16": 0.3333333333333333,
        "17": 0.4,
        "18": 0.4666666666666667
      },
      "4.0": {
        "10": 0.6,
        "16": 0.7333333333333333,
        "17": 0.6666666666666666,
        "18": 0.6666666666666666
      },
      "8.0": {
        "10": 0.9333333333333333,
        "16": 0.8666666666666667,
        "17": 0.8,
        "18": 0.7333333333333333
      }
    },
    "best_layer": 10,
    "best_layer_effect": 0.9333333333333333,
    "total_answer_changes": 153
  },
  "metadata": {
    "mode": "standard",
    "model": "Qwen/Qwen2.5-1.5B-Instruct",
    "n_questions": 30,
    "n_pairs": 10,
    "timestamp": "2026-01-23T21:05:04.363398",
    "total_time_minutes": 17.35709275007248,
    "only_critical": false
  }
}