{
  "abstention_by_regime": {
    "rate": {
      "cautious": 0.525,
      "confident": 0.135,
      "neutral": 0.185
    },
    "std": {
      "cautious": 0.5006277466376765,
      "confident": 0.3425810984938109,
      "neutral": 0.38927196574706335
    },
    "count": {
      "cautious": 200,
      "confident": 200,
      "neutral": 200
    }
  },
  "entropy_by_regime": {
    "mean": {
      "cautious": 1.770185979479485,
      "confident": 1.770185979479485,
      "neutral": 1.770185979479485
    },
    "std": {
      "cautious": 0.7381316894305222,
      "confident": 0.7381316894305222,
      "neutral": 0.7381316894305222
    }
  },
  "behavior_gap": 0.39,
  "belief_gap": 0.0,
  "behavior_belief_ratio": 390000.00000000006,
  "quantitative_results": {
    "semantic_entropy": {
      "pseudo_r2_instruction": 0.12153077688657687,
      "pseudo_r2_proxy": 0.0023053640862121805,
      "pseudo_r2_both": 0.12423492340755637,
      "delta_ll_instruction": 43.35152579999681,
      "delta_ll_proxy": 0.8223517797067075,
      "delta_ll_both": 44.31612818858042,
      "coef_cautious": 1.5219369325375849,
      "coef_confident": -0.3950706126809237,
      "coef_proxy": 0.13545840113877886
    },
    "disagreement_rate": {
      "pseudo_r2_instruction": 0.12153077688657687,
      "pseudo_r2_proxy": 0.00013096421830094407,
      "pseudo_r2_both": 0.12168512796806796,
      "delta_ll_instruction": 43.35152579999681,
      "delta_ll_proxy": 0.04671655060553803,
      "delta_ll_both": 43.40658473291029,
      "coef_cautious": 1.516390745250682,
      "coef_confident": -0.3942650757093501,
      "coef_proxy": -0.03176380376305092
    },
    "predictive_entropy": {
      "pseudo_r2_instruction": 0.12153077688657687,
      "pseudo_r2_proxy": 0.21812817152332353,
      "pseudo_r2_both": 0.39317017707570767,
      "delta_ll_instruction": 43.35152579999681,
      "delta_ll_proxy": 77.80900688493773,
      "delta_ll_both": 140.24864739566584,
      "coef_cautious": 2.2715853115525277,
      "coef_confident": -0.5849034112456359,
      "coef_proxy": 1.6219524119054758
    }
  },
  "n_rows": 600,
  "n_questions": 63
}