{
  "refusal": {
    "split_half_cosines": [
      0.48779296875,
      0.478759765625,
      0.3486328125,
      0.391357421875,
      0.39306640625
    ],
    "mean_stability": 0.419921875,
    "std_stability": 0.054198998803044705,
    "n_harmful": 20,
    "n_benign": 20
  },
  "abstention": {
    "split_half_cosines": [
      0.26171875,
      0.2200927734375,
      0.208740234375,
      0.06878662109375,
      0.04571533203125
    ],
    "mean_stability": 0.1610107421875,
    "std_stability": 0.08684378365004342,
    "n_unanswerable": 20,
    "n_answerable": 20
  }
}