{
  "null_cosines": [
    0.0297088623046875,
    0.0164642333984375,
    0.0146026611328125,
    0.0031871795654296875,
    0.045196533203125,
    0.044342041015625,
    0.01074981689453125,
    0.007381439208984375,
    0.06365966796875,
    0.09197998046875,
    0.08367919921875,
    0.0256195068359375,
    0.024261474609375,
    0.012115478515625,
    0.08026123046875,
    0.05023193359375,
    0.146728515625,
    0.0858154296875,
    0.0032501220703125,
    0.007061004638671875
  ],
  "mean": 0.04231481552124024,
  "std": 0.03779624234749188,
  "max": 0.146728515625,
  "n_shuffles": 20,
  "observed_cosine": 0.01187896728515625,
  "fraction_above_observed": 0.75
}