{
  "refusal": {
    "split_half_cosines": [
      0.92236328125,
      0.9072265625,
      0.90283203125,
      0.91748046875,
      0.92041015625
    ],
    "mean_stability": 0.9140625,
    "std_stability": 0.007664615964979916,
    "n_harmful": 50,
    "n_benign": 50
  },
  "abstention": {
    "split_half_cosines": [
      0.128662109375,
      0.11346435546875,
      0.0914306640625,
      0.050628662109375,
      0.025726318359375
    ],
    "mean_stability": 0.081982421875,
    "std_stability": 0.03848943253032925,
    "n_unanswerable": 20,
    "n_answerable": 20
  }
}