{
  "null_cosines": [
    0.045013427734375,
    0.0972900390625,
    0.12939453125,
    0.004589080810546875,
    0.07452392578125,
    0.0775146484375,
    0.251220703125,
    0.10107421875,
    0.1021728515625,
    0.01220703125,
    0.03265380859375,
    0.027069091796875,
    0.172607421875,
    0.0196380615234375,
    0.043914794921875,
    0.034454345703125,
    0.150146484375,
    0.0511474609375,
    0.07257080078125,
    0.098388671875
  ],
  "mean": 0.07987957000732422,
  "std": 0.05971582894809671,
  "max": 0.251220703125,
  "n_shuffles": 20,
  "observed_cosine": 0.179443359375,
  "fraction_above_observed": 0.05
}