{
  "models_tested": [
    "Qwen/Qwen2.5-1.5B-Instruct",
    "Qwen/Qwen2.5-3B-Instruct",
    "Qwen/Qwen2.5-7B-Instruct"
  ],
  "mean_delta_abstain": 0.02857142857142858,
  "scaling_correlation": -0.885892066687604,
  "summary": [
    {
      "model": "Qwen/Qwen2.5-1.5B-Instruct",
      "n_layers": 28,
      "hidden_dim": 1536,
      "best_layer": 23,
      "delta_abstain": 0.08571428571428574,
      "delta_coverage": -0.2785714285714286,
      "baseline_halluc": 0.11428571428571428,
      "steered_halluc": 0.02857142857142857,
      "model_capacity": 43008
    },
    {
      "model": "Qwen/Qwen2.5-3B-Instruct",
      "n_layers": 36,
      "hidden_dim": 2048,
      "best_layer": 29,
      "delta_abstain": 0.0,
      "delta_coverage": -0.09285714285714286,
      "baseline_halluc": 0.007142857142857143,
      "steered_halluc": 0.007142857142857143,
      "model_capacity": 73728
    },
    {
      "model": "Qwen/Qwen2.5-7B-Instruct",
      "n_layers": 28,
      "hidden_dim": 3584,
      "best_layer": 26,
      "delta_abstain": 0.0,
      "delta_coverage": -0.0071428571428572285,
      "baseline_halluc": 0.0,
      "steered_halluc": 0.0,
      "model_capacity": 100352
    }
  ]
}