model,n_layers,hidden_dim,best_layer,delta_abstain,delta_coverage,baseline_halluc,steered_halluc
Qwen/Qwen2.5-1.5B-Instruct,28,1536,23,0.08571428571428574,-0.2785714285714286,0.11428571428571428,0.02857142857142857
Qwen/Qwen2.5-3B-Instruct,36,2048,29,0.0,-0.09285714285714286,0.007142857142857143,0.007142857142857143
Qwen/Qwen2.5-7B-Instruct,28,3584,26,0.0,-0.0071428571428572285,0.0,0.0
